id,name
1,citizen1
2,citizen2
3,citizen3
4,citizen4
5,citizen5
6,citizen6
7,citizen7
8,citizen8
9,citizen9
10,citizen10
11,citizen11
12,citizen12
13,citizen13
14,citizen14
15,citizen15
16,citizen16
17,citizen17
18,citizen18
19,citizen19
20,citizen20
21,citizen21
22,citizen22
23,citizen23
24,citizen24
25,citizen25
26,citizen26
27,citizen27
28,citizen28
29,citizen29
30,citizen30
31,citizen31
32,citizen32
33,citizen33
34,citizen34
35,citizen35
36,citizen36
37,citizen37
38,citizen38
39,citizen39
40,citizen40
41,citizen41
42,citizen42
43,citizen43
44,citizen44
45,citizen45
46,citizen46
47,citizen47
48,citizen48
49,citizen49
50,citizen50
51,citizen51
52,citizen52
53,citizen53
54,citizen54
55,citizen55
56,citizen56
57,citizen57
58,citizen58
59,citizen59
60,citizen60
61,citizen61
62,citizen62
63,citizen63
64,citizen64
65,citizen65
66,citizen66
67,citizen67
68,citizen68
69,citizen69
70,citizen70
71,citizen71
72,citizen72
73,citizen73
74,citizen74
75,citizen75
76,citizen76
77,citizen77
78,citizen78
79,citizen79
80,citizen80
81,citizen81
82,citizen82
83,citizen83
84,citizen84
85,citizen85
86,citizen86
87,citizen87
88,citizen88
89,citizen89
90,citizen90
91,citizen91
92,citizen92
93,citizen93
94,citizen94
95,citizen95
96,citizen96
97,citizen97
98,citizen98
99,citizen99
100,citizen100
